{"mean_levenstein":50.666666666666664,"mean_token_input":7513.333333333333,"mean_token_output":8010.5}