{"wer":0.4226985562217407,"mean_token_input":6212.5,"mean_token_output":6398.333333333333}
